session:	block_file_name:
0	interdms_loc_ABBA_block_7
0	interdms_ctg_ABAB_block_0
0	ctxdm_col_block_12
0	ctxdm_col_block_1
0	nback_loc_block_0
0	interdms_loc_ABAB_block_7
1	ctxdm_col_block_9
1	nback_loc_block_7
1	interdms_obj_ABAB_block_4
1	ctxdm_lco_block_10
1	interdms_ctg_ABAB_block_2
1	interdms_obj_ABBA_block_1
2	interdms_obj_ABAB_block_0
2	ctxdm_col_block_3
2	ctxdm_lco_block_9
2	interdms_ctg_ABAB_block_1
2	interdms_loc_ABBA_block_12
2	nback_loc_block_2
3	ctxdm_lco_block_2
3	ctxdm_col_block_2
3	interdms_ctg_ABBA_block_2
3	nback_obj_block_1
3	interdms_obj_ABAB_block_2
3	interdms_obj_ABBA_block_2
4	ctxdm_lco_block_0
4	interdms_loc_ABAB_block_9
4	interdms_loc_ABBA_block_5
4	ctxdm_col_block_4
4	nback_ctg_block_0
4	interdms_obj_ABAB_block_3
5	interdms_loc_ABAB_block_5
5	interdms_loc_ABBA_block_4
5	ctxdm_col_block_11
5	ctxdm_col_block_14
5	nback_loc_block_4
5	interdms_obj_ABBA_block_0
6	interdms_loc_ABAB_block_0
6	ctxdm_lco_block_13
6	nback_loc_block_6
6	interdms_loc_ABBA_block_2
6	interdms_loc_ABBA_block_3
6	ctxdm_lco_block_6
7	ctxdm_lco_block_3
7	interdms_loc_ABAB_block_12
7	interdms_loc_ABAB_block_4
7	nback_loc_block_1
7	ctxdm_lco_block_11
7	interdms_loc_ABBA_block_11
8	interdms_loc_ABBA_block_13
8	interdms_ctg_ABAB_block_4
8	ctxdm_col_block_7
8	interdms_loc_ABAB_block_1
8	nback_loc_block_5
8	ctxdm_col_block_10
9	nback_loc_block_11
9	interdms_obj_ABBA_block_3
9	ctxdm_lco_block_8
9	interdms_loc_ABAB_block_10
9	ctxdm_col_block_6
9	interdms_loc_ABBA_block_6
10	interdms_loc_ABBA_block_1
10	interdms_ctg_ABBA_block_3
10	interdms_ctg_ABAB_block_3
10	ctxdm_col_block_13
10	nback_ctg_block_1
10	ctxdm_col_block_5
11	interdms_loc_ABAB_block_8
11	ctxdm_col_block_8
11	nback_loc_block_3
11	interdms_loc_ABAB_block_3
11	interdms_loc_ABBA_block_10
11	ctxdm_lco_block_15
12	interdms_loc_ABAB_block_6
12	ctxdm_col_block_0
12	nback_loc_block_8
12	ctxdm_lco_block_14
12	interdms_loc_ABBA_block_0
12	interdms_ctg_ABBA_block_4
13	interdms_loc_ABAB_block_2
13	interdms_ctg_ABBA_block_0
13	interdms_obj_ABAB_block_1
13	nback_obj_block_0
13	ctxdm_lco_block_12
13	ctxdm_lco_block_7
14	nback_loc_block_9
14	interdms_loc_ABAB_block_13
14	ctxdm_lco_block_4
14	interdms_obj_ABBA_block_4
14	interdms_loc_ABBA_block_9
14	ctxdm_lco_block_5
15	interdms_loc_ABBA_block_8
15	interdms_loc_ABAB_block_11
15	interdms_ctg_ABBA_block_1
15	ctxdm_lco_block_1
15	nback_loc_block_10
15	ctxdm_col_block_15
